scenario_id,content,author_name,likes,moderation_status
1,"I think Ms. Chen should just talk to Marcus first before assuming anything. The jump in quality is suspicious but there could be legit reasons - maybe he got help from a tutor or his older sibling helped him understand the material better. Accusing him without evidence could really damage his trust in school, especially as an ESL student who's already working harder than most.",Sarah M.,4,approved
1,"Honestly this is why I think we need to rethink how we do essays entirely. AI is everywhere now and pretending it doesn't exist isn't helping anyone. Maybe the assignment should be an in-class discussion or presentation where students actually have to explain their thinking? That way it doesn't matter what tools they used to prepare.",Jordan K.,12,approved
1,"As someone who learned English as my second language, I get frustrated when people assume we can't produce good work. Sometimes you just connect with a topic and everything clicks. That said, 15 MLA citations and graduate-level vocab IS a lot. I'd want to know more about his process before judging either way.",David C.,11,approved
1,"The investigative approach makes the most sense to me. Have Marcus explain specific parts of his essay in a meeting - not in an accusatory way, just asking him to walk through his thinking. If he really understands the material, he'll be able to discuss it. If not, that becomes a teaching moment about academic honesty.",Emma R.,3,approved
1,"30% of his semester grade is huge. Whatever Ms. Chen decides will really impact this kid's future. I lean toward giving him the benefit of the doubt but requiring some kind of follow-up demonstration of his understanding.",Tyler W.,2,approved
2,"$45,000 a year for a system that has documented bias against darker skin tones in a school that's 45% students of color? That's not security, that's paying to discriminate against your own students. Hard pass.",Maya J.,19,approved
2,"I'm a parent at a school considering this and I'm genuinely torn. After what happened at that nearby school, I want my kids safe. But I also don't love the idea of them being scanned every time they enter the building. The opt-in compromise seems reasonable to me.",Rachel T.,6,approved
2,"12 false positives in 3 months doesn't sound like a lot but imagine being one of those 12 kids who got stopped and questioned at the entrance to their own school. That's humiliating, especially if it keeps happening to the same students.",Marcus L.,8,approved
2,"Everyone's focused on the bias issue (which is real) but can we talk about what happens to all this biometric data? A database of children's faces is a target for hackers. And what happens when these kids grow up - does their facial data follow them?",Alex P.,12,approved
2,"Why not just hire more security staff with that $45k? Actual humans who can recognize students AND provide a friendly presence AND handle situations with judgment that algorithms don't have.",Jennifer N.,15,approved
3,"My post about the Holocaust for my history class got removed because it mentioned violence and death. It's the HOLOCAUST. How are we supposed to learn about it without mentioning those things? This is exactly what's wrong with automated moderation.",Jake R.,22,approved
3,"I understand why platforms want quick moderation but removing first and asking questions never is backwards. Flag suspicious content for human review, don't just nuke everything that might possibly be inappropriate.",Chris M.,9,approved
3,"The self-censoring thing is real. I've started writing around certain topics because I don't want to deal with getting my posts removed. That can't be what we want from educational discussions.",Priya K.,14,approved
3,"1,847 removed posts in one month seems really high. How many of those were actually problematic vs just talking about normal academic stuff? The platform should have to report that.",Daniel H.,7,approved
3,"Can't teachers just have override ability for their own classes? Like if my English teacher assigns us to discuss a book with violent themes, they should be able to approve that discussion happening.",Olivia N.,11,approved
4,"Students deserve to know how they're being evaluated. I don't care how complicated the algorithm is - if you're going to use AI to decide who gets into college, you should be able to explain the decision.",Amanda K.,15,approved
4,"The zip code thing is really concerning. So basically where you live affects your score regardless of how hard you work or what you actually accomplish? How is that fair?",Kevin L.,18,approved
4,"I applied to 8 schools last year and got rejected from places where my stats were above their averages. Makes me wonder if some algorithm filtered me out before a human ever looked at my application.",Jessica T.,8,approved
4,"78,000 applications is a lot and I get that humans can't carefully review every single one. But using AI as a first filter means some deserving students never get seen. There has to be a better way.",Ryan M.,6,approved
4,"At least with algorithmic bias you can audit it and try to fix it. Human reviewers have biases too but those are harder to measure and correct. Not saying AI admissions is good, just that humans aren't perfect either.",Sophia W.,4,approved
5,"These tools aren't giving students an unfair advantage - they're removing an unfair DISadvantage. A dyslexic student using text-to-speech is just accessing what other students access naturally.",Michael P.,21,approved
5,"My brother uses speech-to-text for his essays because he has motor issues that make typing hard. He's one of the smartest people I know - the tool just lets him show what he actually understands.",Grace L.,13,approved
5,"The question about whether other students should get access is interesting. Like, captions help deaf students but they also help me when I'm studying in a loud coffee shop. Maybe helpful tools should just be available to everyone?",Hannah B.,9,approved
5,"The accuracy issues need to be fixed though. If the AI is giving wrong information to students with disabilities while everyone else gets correct info, that's not real accessibility.",Jason C.,7,approved
5,"I used to think accommodations were unfair advantages until I realized they're more like glasses - they don't give you better vision than everyone else, they just bring you up to the same level.",Emily S.,16,approved
6,"I used an AI tutor for calc last semester and it honestly helped a lot. Being able to practice at 2am when I finally understood something was huge. But I can see how students who need more motivation might just give up on it.",Brandon T.,8,approved
6,"Cutting human tutors to pay for AI tutoring seems backwards. The students who need tutoring most are often the ones who need the human connection and encouragement, not just more practice problems.",Aisha M.,14,approved
6,"70% improvement sounds great until you ask about the other 30%. Did they improve less? Stay the same? Get worse? And who were those 70% - probably kids who were already pretty motivated.",Lucas H.,6,approved
6,"Why does it have to be either/or? Use AI for the repetitive practice stuff and humans for the complex explanations and emotional support. Best of both worlds.",Natalie R.,10,approved
6,"$12/student vs human tutor salaries is a huge difference. I get why districts make this choice even if it's not ideal. Education funding is a mess.",Carlos G.,3,approved
5,"I've seen students with disabilities who got more confident and participated more once they had the right tools. That matters just as much as the academic stuff.",Rebecca W.,5,approved
7,"8% higher graduation rates is real impact - those are actual students who might have dropped out. But disproportionately flagging students of color is also real harm. Both things are true.",Justin L.,11,approved
7,"A data breach exposing info about which students are 'at-risk' is exactly what I'd be worried about. That information could follow these kids forever.",Madison K.,9,approved
7,"Being labeled at-risk by an algorithm when you're 14 has got to mess with your head. Like the system already decided your future before you even got a chance.",Derek J.,13,approved
7,"Counselors have biases too though. At least with an algorithm you can audit it and see where it's going wrong. Human decision-making is a black box in a different way.",Samantha N.,5,approved
7,"The families should at least know when their kid is flagged and why. Secret surveillance of minors seems wrong even if the intentions are good.",Anthony R.,7,approved
8,"I noticed my writing getting more boring after using WritePro for a few months. I was writing what the algorithm wanted instead of what I wanted to say. Had to consciously break out of that.",Zoe T.,12,approved
8,"35% improvement in technical writing quality is significant though. Lots of students struggle with basic grammar and organization. If AI helps with that foundation, teachers can focus on deeper stuff.",Mark D.,16,approved
8,"Maybe different tools for different types of writing? Like use AI feedback for research papers where structure matters, but not for creative writing where voice matters more.",Isabella F.,8,approved
8,"The dependency issue is real. I can barely write without Grammarly now and that's just a basic tool. Students using more advanced AI feedback might really struggle on timed tests.",Noah B.,10,approved
8,"Teachers could teach students to evaluate AI feedback critically instead of just accepting it. That seems like a valuable skill - knowing when the algorithm is right and when to ignore it.",Chloe A.,4,approved
9,"I loved doing virtual experiments on stuff that would be too dangerous or expensive in real life. But then I got to college chem and couldn't use a pipette properly. There's stuff you can only learn by doing.",Ethan M.,15,approved
9,"For schools that can't afford fancy lab equipment, virtual labs are the only way students get to explore advanced concepts at all. That access matters even if it's not perfect.",Lily C.,11,approved
9,"The thing about simulations oversimplifying reactions is concerning. If students learn the wrong model, they might be worse off than if they never learned it at all.",Andrew W.,7,approved
9,"Why not both? Virtual for the dangerous/expensive stuff, physical for learning actual lab technique. Seems obvious.",Megan P.,9,approved
9,"Virtual labs let you fail without consequences which is actually really valuable for learning. You can experiment and mess up without wasting expensive materials or hurting yourself.",Jack R.,5,approved
10,"Finding out the AI was collecting detailed data about my emotional responses and sharing it with a company is creepy. I'm a kid, not a data source for product development.",Ashley K.,24,approved
10,"The 40% time savings for teachers sounds great - more time for actual teaching instead of answering the same questions over and over. But the data stuff needs to be transparent.",Ben S.,6,approved
10,"Some students need human encouragement that AI can't provide. When I'm struggling, I need someone to say 'you've got this' and actually mean it, not a bot pretending to care.",Morgan T.,17,approved
10,"Getting instant answers to every question sounds nice but part of learning is sitting with confusion for a bit and working through it. Too much AI help might actually hurt learning.",Victoria L.,8,approved
10,"Parents should absolutely have to opt IN to this kind of data collection, not have to opt OUT. The default should be privacy, especially for kids.",James H.,14,approved
